{"cameraMode":{"drawMode":0,"name":"Shaded","section":"Shading Mode"},"sceneLighting":true,"audioPlay":false,"sceneViewState":{"showFog":true,"showMaterialUpdate":false,"showSkybox":true,"showFlares":true,"showImageEffects":true,"showParticleSystems":true},"in2DMode":false,"pivot":{"x":-0.28816238045692446,"y":0.08094850182533264,"z":0.5535081624984741},"rotation":{"x":0.6411412358283997,"y":-0.1785653829574585,"z":0.15689793229103089,"w":0.7296821475028992},"size":2.3699820041656496,"orthographic":true}